site,age,bmi,patient_count
Site A,81.21329639889197,26.261569688768606,2956
Site B,80.44402985074628,26.137668161434977,2453
Site C,80.75098619329388,26.335214664737098,2073
Site D,80.75558564658091,26.323917388407725,1501
Site E,80.41507537688442,26.32723697148476,1017
