intervention_group,systolic_bp_mean,systolic_bp_std,age_mean,bmi_median
control,121.17637326879749,13.07873651067831,80.89727911953531,26.0
treatment_a,114.07425873982763,13.657564615446375,80.86278137526982,26.0
treatment_b,117.36778414554904,13.344991460642047,80.57638466220328,26.0
