site,age_mean,age_std,age_min,age_max,bmi_mean,bmi_std,systolic_bp_mean,systolic_bp_median
site_a,56.36400541271989,162.5362917487149,-999,100,25.875182735816217,4.9831016859609285,117.35428370786516,117.0
site_b,62.40195678760701,139.05017999752442,-999,100,25.70668085106383,5.017423245038689,117.13067458633857,117.0
site_c,57.31210805595755,157.9418681640632,-999,100,25.789583333333333,5.417217109283796,117.97835933568193,118.0
site_d,63.49100599600266,136.14005809846694,-999,100,25.565682137834038,5.8813189198242615,117.94366197183099,118.0
site_e,57.064896755162245,157.69764413385596,-999,100,25.47650158061117,6.0845316418680975,117.50308008213553,117.0
